home_id,sqft,bedrooms,bathrooms,lot_size_sqft,age_years,garage_spaces,distance_to_city_miles,school_rating,crime_index,has_pool,renovation_score,neighborhood,sale_price
H0001,2614,4,3.5,30121,2,3,1.5,6.3,57.3,1,8.6,Downtown,950000
H0002,2993,3,2.0,10717,4,2,8.4,8.5,27.5,0,3.0,Suburban Core,746700
H0003,2724,4,2.5,16472,23,1,1.8,5.9,56.1,0,7.2,Downtown,776000
H0004,2398,3,3.0,6259,74,1,0.2,7.0,69.2,0,0,Downtown,629600
H0005,1600,1,1.0,5014,8,1,3.5,8.8,61.2,0,4.7,Downtown,458600
H0006,2979,5,4.5,5469,61,1,10.0,9.4,24.8,1,5.1,Suburban Core,842600
H0007,1892,3,1.0,18489,53,3,8.5,7.1,36.8,0,2.1,College Area,523000
H0008,1855,4,3.0,5896,5,3,6.4,7.6,38.6,0,8.1,Suburban Core,758300
H0009,2078,3,2.5,12302,1,2,8.9,5.2,51.9,1,7.4,College Area,699000
H0010,994,1,1.0,13991,6,0,8.0,8.4,33.2,0,4.7,Suburban Core,390400
H0011,2193,4,3.0,6736,26,1,22.7,9.2,24.4,0,4.7,Rural Edge,567600
H0012,1705,2,1.0,26614,5,2,14.5,7.4,23.2,0,3.2,Lake District,522400
H0013,1412,4,3.5,7936,8,2,9.0,10,6.4,0,7.4,Suburban Core,818600
H0014,2873,6,4.5,5151,6,1,13.5,6.2,38.0,1,6.5,Lake District,878600
H0015,2927,4,3.5,9714,37,1,16.1,9.0,1,1,4.9,Lake District,901200
H0016,2035,3,2.0,5242,26,0,3.6,3.7,51.7,0,5.0,Downtown,508600
H0017,1924,4,3.5,6288,73,1,5.8,4.7,51.0,0,4.7,Downtown,510200
H0018,1243,3,2.5,5365,75,2,2.9,7.3,62.9,0,1.1,Downtown,361000
H0019,2033,4,4.5,4923,8,1,6.3,6.2,49.9,0,4.7,Downtown,456800
H0020,1880,3,2.0,4817,21,1,13.3,6.8,35.5,0,7.4,Lake District,639700
H0021,1595,3,3.5,6668,43,0,3.1,7.2,64.8,0,9.1,Downtown,528500
H0022,2609,5,4.5,7734,17,2,14.3,6.9,40.0,0,6.2,Suburban Core,821500
H0023,3115,5,4.0,20625,10,2,14.0,8.5,24.1,0,8.6,Suburban Core,994300
H0024,2308,1,1.0,7669,44,1,0.2,6.9,35.4,0,9.2,College Area,609100
H0025,3088,6,4.5,5457,21,1,3.3,7.7,43.0,0,7.9,Downtown,893700
H0026,1820,3,3.5,9598,15,1,6.3,8.9,1,0,4.8,Suburban Core,643700
H0027,3433,6,4.5,11219,1,2,5.4,6.0,56.3,0,3.9,Downtown,894700
H0028,1626,3,3.0,2806,32,0,9.7,8.6,22.5,1,2.6,Suburban Core,558700
H0029,2123,2,2.0,4631,15,0,11.7,9.9,9.1,0,6.8,Suburban Core,634500
H0030,3210,4,4.0,6242,60,2,9.7,7.6,28.9,0,2.6,Suburban Core,788000
H0031,2421,3,2.5,9504,77,0,21.3,7.8,36.8,0,1.1,Rural Edge,428200
H0032,939,1,1.0,6559,43,1,4.3,10,11.4,0,7.1,Suburban Core,424200
H0033,923,2,1.5,6656,11,2,23.5,6.2,32.0,0,5.2,Rural Edge,257900
H0034,2300,4,3.5,16973,7,1,13.2,9.7,14.4,1,4.0,Lake District,885200
H0035,2167,3,2.0,18552,64,2,0.3,8.8,46.3,0,6.7,College Area,673500
H0036,3103,5,3.5,8963,20,1,1.2,6.1,53.7,0,3.3,Downtown,824900
H0037,1737,3,3.0,11501,68,2,4.9,5.8,48.1,0,1.4,College Area,482400
H0038,3617,6,4.5,10336,18,1,11.6,7.6,31.1,0,2.0,Suburban Core,869100
H0039,2274,4,3.0,5797,33,2,8.6,8.2,22.2,0,7.2,Suburban Core,694800
H0040,1565,3,2.5,6893,9,2,13.0,7.4,40.1,0,5.4,Suburban Core,528600
H0041,1171,1,1.0,12242,12,0,7.7,9.7,27.1,1,6.3,Suburban Core,496400
H0042,3606,6,4.5,6176,11,2,4.1,7.3,38.2,1,3.1,College Area,1013800
H0043,2694,2,2.0,9178,24,2,18.8,5.5,6.0,0,8.5,Rural Edge,614900
H0044,1736,3,2.5,14609,8,2,22.9,6.2,20.1,0,5.1,Rural Edge,469800
H0045,1837,4,4.0,3558,24,2,9.6,7.4,30.4,1,6.4,Suburban Core,682600
H0046,2458,3,2.0,15177,17,1,6.9,6.8,54.3,0,2.0,College Area,587100
H0047,2562,4,3.0,9104,39,0,3.4,4.9,55.5,0,3.6,Downtown,610700
H0048,2286,4,2.0,8173,10,2,9.9,7.0,31.2,0,3.0,Suburban Core,686400
H0049,2095,4,3.5,14440,1,0,18.5,6.6,11.2,1,6.2,Rural Edge,656600
H0050,2442,4,3.5,14016,33,1,4.9,6.3,45.9,0,9.0,College Area,807600
H0051,2592,4,3.5,8285,16,1,23.0,7.4,8.6,0,3.6,Rural Edge,698700
H0052,2575,4,3.0,15803,29,2,7.0,7.1,25.9,0,1.7,Suburban Core,767300
H0053,2144,4,4.0,6512,66,1,7.5,10,21.8,1,1.1,Lake District,736100
H0054,2025,4,4.0,5251,13,2,10.1,7.5,14.0,0,2.7,Suburban Core,606100
H0055,1748,2,1.5,6744,95,1,2.3,4.5,59.9,0,3.8,Downtown,419900
H0056,2204,3,2.5,6866,5,2,12.1,6.9,35.2,0,4.7,Suburban Core,628300
H0057,1405,1,1.0,8836,78,2,11.1,8.0,39.9,0,2.8,Suburban Core,310100
H0058,4463,6,4.5,5033,0,2,19.8,9.0,23.0,0,10,Rural Edge,1118100
H0059,3021,4,3.5,6502,7,3,4.6,5.1,39.7,0,4.9,College Area,824900
H0060,1967,3,2.5,13595,14,2,26.2,7.5,15.3,0,5.6,Rural Edge,571000
H0061,2632,4,4.0,8278,37,0,13.6,10,13.4,0,3.1,Lake District,768200
H0062,2000,4,4.0,11029,12,1,7.2,7.5,14.9,0,7.6,Suburban Core,714700
H0063,1621,2,1.0,5770,20,0,0.2,6.9,69.7,0,4.5,Downtown,435500
H0064,1553,3,2.0,13607,31,2,4.7,6.3,64.5,0,2.1,Downtown,560200
H0065,1823,5,4.5,5697,27,1,22.8,6.7,7.0,0,10,Rural Edge,633400
H0066,3275,5,4.0,23154,24,1,9.1,7.6,54.0,0,8.6,Downtown,988300
H0067,2307,3,3.0,5167,3,1,11.5,8.6,16.3,0,8.2,Suburban Core,746400
H0068,2983,4,3.0,9528,95,2,10.8,9.9,27.9,0,4.5,Lake District,768600
H0069,1487,2,1.5,9456,19,1,18.0,7.6,33.0,0,7.6,Rural Edge,379500
H0070,1687,1,1.0,6365,10,1,6.3,8.6,37.6,0,6.6,College Area,566200
H0071,1860,3,4.0,9819,14,2,8.7,5.1,22.3,1,7.9,College Area,696700
H0072,2646,5,4.5,12840,21,2,10.3,8.3,35.5,0,5.8,Suburban Core,762600
H0073,1362,1,1.0,4068,68,1,1.1,6.8,64.1,0,6.3,Downtown,395800
H0074,650,1,1.0,5788,10,2,0.8,6.7,51.1,0,6.7,Downtown,421400
H0075,1574,2,1.5,7430,30,2,6.5,7.4,22.5,0,6.6,Suburban Core,568400
H0076,2248,4,3.0,4741,15,2,6.7,7.2,54.7,0,4.4,College Area,703100
H0077,1846,3,2.5,6924,9,2,3.6,9.7,36.4,0,10,Suburban Core,711600
H0078,1527,2,1.5,10846,40,2,23.6,6.1,20.7,0,1.7,Rural Edge,419500
H0079,2499,4,3.5,10553,81,2,20.1,5.9,9.9,0,2.4,Rural Edge,571400
H0080,1470,3,2.5,7787,26,2,5.8,7.8,28.1,0,7.3,Suburban Core,594400
H0081,2379,4,3.0,32950,36,1,7.3,6.8,49.2,0,4.4,Downtown,618300
H0082,2085,4,2.0,3432,1,1,0.2,5.5,39.9,0,8.0,College Area,666700
H0083,2968,5,4.0,9143,7,2,5.8,3.9,50.4,0,5.2,Downtown,776700
H0084,858,1,1.0,10137,22,1,0.3,7.4,66.2,0,10,Downtown,459600
H0085,1975,3,2.0,5040,5,3,3.5,6.2,50.0,0,9.6,Downtown,641600
H0086,1836,4,3.0,9289,5,1,0.2,7.6,45.8,1,3.8,Downtown,747800
H0087,2117,2,1.5,12515,30,2,0.2,5.7,57.1,0,1.6,Downtown,544300
H0088,2289,4,3.5,8299,73,1,0.2,6.5,58.0,0,1.4,Downtown,601500
H0089,3112,4,4.5,7623,12,0,21.2,7.1,23.4,1,7.6,Rural Edge,801500
H0090,1526,3,2.0,24532,17,0,18.4,7.6,22.8,0,8.3,Rural Edge,500100
H0091,2125,4,3.5,9404,48,3,1.4,7.0,33.2,0,2.6,College Area,663500
H0092,2135,4,4.5,8744,82,0,0.8,6.0,54.9,0,5.5,Downtown,610400
H0093,1948,3,2.5,4088,38,3,6.1,7.8,34.4,0,7.5,College Area,610000
H0094,650,2,2.0,2821,58,1,11.0,6.5,36.0,0,7.2,Suburban Core,330100
H0095,3006,5,4.5,7837,15,3,6.7,6.7,47.9,0,8.7,College Area,921800
H0096,1610,1,1.5,5994,2,1,10.8,6.5,30.3,1,4.0,Suburban Core,535000
H0097,1578,2,1.0,7325,37,0,13.3,8.7,26.7,0,2.4,Lake District,511100
H0098,2439,4,3.5,5226,12,1,9.3,8.8,32.3,0,4.8,Suburban Core,822900
H0099,670,1,1.5,10387,25,2,5.9,4.4,26.7,1,6.4,Suburban Core,428000
H0100,3008,6,4.5,13278,21,1,6.5,7.9,55.1,0,6.4,College Area,915700
H0101,2224,3,2.0,9438,95,1,16.6,10,27.2,0,3.9,Lake District,548100
H0102,2189,4,4.0,4593,19,2,5.4,4.8,50.8,0,7.3,Downtown,730700
H0103,1550,2,2.0,8674,2,3,6.6,9.6,39.9,0,9.0,College Area,711700
H0104,2615,5,4.5,13579,69,3,3.3,8.5,66.9,0,3.8,Downtown,787800
H0105,3438,6,4.5,6943,44,1,0.2,6.9,52.8,0,3.6,Downtown,863800
H0106,2231,2,3.0,6969,38,1,4.4,7.0,47.1,0,5.4,College Area,629000
H0107,650,2,2.5,6393,95,1,0.2,7.5,37.7,0,3.0,College Area,275900
H0108,2228,3,3.5,19073,9,2,22.1,7.4,27.8,0,5.4,Rural Edge,636000
H0109,1751,3,2.0,10595,26,2,1.0,5.8,62.9,0,6.5,Downtown,557100
H0110,1879,3,2.5,13849,4,2,1.1,7.1,51.3,0,3.1,Downtown,598400
H0111,1347,2,1.0,4865,3,1,7.1,8.6,41.3,0,3.6,Suburban Core,453500
H0112,1807,2,1.5,4364,20,1,8.8,7.0,30.7,1,2.6,Lake District,574200
H0113,1514,3,2.5,10003,50,2,8.4,6.4,12.3,0,4.2,Suburban Core,472000
H0114,2185,2,1.5,23710,30,2,7.2,5.4,27.5,0,3.7,Suburban Core,682800
H0115,1821,2,1.0,17336,34,1,3.7,8.4,21.5,0,3.9,College Area,536700
H0116,3025,5,4.5,10837,47,1,25.2,6.7,26.8,0,4.7,Rural Edge,699500
H0117,2132,4,3.0,9996,90,2,10.5,8.0,13.2,0,0,Suburban Core,495800
H0118,1214,3,3.0,9906,36,2,8.4,9.1,20.1,0,5.5,Suburban Core,540400
H0119,2521,5,4.5,5109,24,1,6.5,6.6,28.3,0,6.3,College Area,786700
H0120,1876,3,2.0,14116,34,2,9.2,7.6,39.4,0,2.8,Suburban Core,520200
H0121,1790,3,4.0,6480,0,3,7.0,8.9,24.0,0,8.1,Suburban Core,714000
H0122,1876,2,1.0,3681,69,2,6.2,7.5,11.7,0,2.9,Suburban Core,502100
H0123,650,2,1.0,15998,24,2,9.7,6.8,15.7,0,5.0,Suburban Core,445300
H0124,2891,4,3.5,13878,30,1,6.2,9.1,18.6,1,6.7,Suburban Core,912100
H0125,1839,2,2.0,4797,32,1,1.1,6.1,78.0,0,1.3,Downtown,472200
H0126,2498,4,2.0,3484,16,2,0.8,8.7,67.5,0,8.5,Downtown,833800
H0127,1834,3,3.5,7678,14,1,11.7,9.0,12.4,1,6.0,Lake District,800700
H0128,1318,1,1.0,12623,1,1,0.5,5.1,37.1,0,8.3,Downtown,544300
H0129,2158,3,3.0,18145,23,1,5.2,5.0,43.7,0,9.7,College Area,652900
H0130,2010,2,1.0,3893,21,2,2.7,5.5,47.3,0,4.8,Downtown,528100
H0131,1630,2,1.5,5097,1,3,6.8,8.7,15.3,0,5.8,Suburban Core,612500
H0132,2330,2,1.0,4875,25,2,9.2,8.6,12.5,0,5.7,Suburban Core,674500
H0133,2477,4,4.0,18464,66,3,7.7,6.5,19.1,0,4.9,Suburban Core,708400
H0134,2812,3,3.5,7440,34,1,6.8,8.4,33.3,1,7.3,Suburban Core,983400
H0135,2255,4,3.0,16972,11,1,9.2,6.8,22.3,0,2.4,Suburban Core,664200
H0136,1497,3,3.5,9534,2,2,1.3,6.8,55.2,0,7.2,Downtown,656500
H0137,2960,5,4.5,8866,0,1,8.5,6.8,22.3,0,8.6,Suburban Core,819000
H0138,2750,4,3.5,9619,11,1,12.0,9.7,15.2,1,5.3,Lake District,882900
H0139,3040,5,4.5,7092,27,2,21.7,6.4,30.1,0,2.8,Rural Edge,812400
H0140,1850,3,4.0,11973,8,2,11.3,8.2,30.3,0,7.7,Lake District,594700
H0141,2114,2,1.5,6031,48,2,0.2,7.7,46.8,0,7.7,Downtown,697400
H0142,2024,4,3.5,12636,39,2,12.3,8.5,15.6,1,7.3,Lake District,792000
H0143,1207,2,1.5,13376,33,1,14.3,8.8,14.6,0,2.2,Lake District,618400
H0144,2381,4,3.0,4855,21,1,8.9,9.3,31.8,0,6.4,Suburban Core,831700
H0145,3304,6,4.5,9088,12,0,10.4,8.8,21.4,0,5.8,Suburban Core,890100
H0146,2455,4,4.5,9300,3,1,14.7,7.3,37.1,0,5.2,Suburban Core,759100
H0147,2447,4,3.0,6069,90,3,6.5,6.8,38.1,0,0.9,College Area,586100
H0148,2730,5,4.5,9941,30,0,7.1,6.4,28.7,0,4.4,Suburban Core,806600
H0149,1456,3,2.0,13068,42,1,11.3,8.5,32.0,0,5.1,College Area,563700
H0150,1621,1,1.5,9196,2,2,0.9,6.0,53.4,1,9.3,College Area,627400
H0151,2773,4,4.0,8646,23,1,2.1,6.5,28.7,0,7.7,College Area,569700
H0152,2098,4,3.5,21931,11,1,12.7,7.1,23.8,1,5.4,Suburban Core,688500
H0153,2066,3,2.5,12473,21,2,20.7,7.8,4.6,0,6.4,Rural Edge,619000
H0154,2976,5,4.0,8048,6,1,8.3,7.4,29.4,0,4.0,College Area,831900
H0155,1739,2,2.0,7378,3,1,20.3,7.8,29.0,0,8.9,Rural Edge,573900
H0156,1675,3,3.0,7584,13,1,7.1,7.0,30.4,0,10,Suburban Core,597500
H0157,1998,4,4.0,8375,13,0,18.6,6.2,12.2,0,7.1,Rural Edge,569500
H0158,2235,3,2.5,6305,40,0,2.8,5.7,42.4,0,4.6,College Area,633000
H0159,2146,2,1.0,6829,28,2,2.1,8.4,62.6,0,5.6,Downtown,688000
H0160,2776,5,4.5,24309,25,0,6.0,7.4,24.1,0,3.0,College Area,793300
H0161,2636,4,2.0,9502,45,1,24.7,8.2,19.0,0,5.1,Rural Edge,556200
H0162,1260,2,2.0,13154,4,1,19.4,6.5,24.8,0,6.3,Rural Edge,390000
H0163,2613,3,1.5,11988,51,1,2.7,5.1,73.3,0,3.7,Downtown,582000
H0164,2576,5,3.5,2514,56,2,23.3,8.2,29.3,0,7.1,Rural Edge,652600
H0165,1843,3,3.0,3812,19,2,4.2,7.0,39.2,0,6.5,College Area,622200
H0166,1404,2,1.0,7346,13,2,17.3,5.8,10.3,1,3.1,Rural Edge,409600
H0167,2348,5,4.5,8030,61,1,9.8,8.5,23.8,0,2.2,Suburban Core,667400
H0168,1625,1,1.0,12246,25,2,11.3,6.9,11.1,0,5.5,Suburban Core,549100
H0169,3328,6,4.5,6746,49,1,0.2,6.9,60.3,0,6.7,Downtown,682600
H0170,2482,5,4.5,8617,18,0,24.0,8.0,28.1,0,5.3,Rural Edge,682400
H0171,2387,3,2.0,19101,1,2,7.7,6.4,27.0,1,5.6,Suburban Core,719000
H0172,2385,4,2.5,10237,82,0,8.4,8.0,19.1,1,3.8,Suburban Core,594200
H0173,3259,5,4.5,12518,2,2,2.2,7.3,29.1,0,6.1,College Area,978900
H0174,2402,4,4.0,5851,13,2,9.2,7.9,32.1,0,5.6,College Area,717600
H0175,2004,2,2.0,8637,5,2,11.4,5.2,28.6,0,5.8,Suburban Core,571800
H0176,3329,6,4.5,9123,26,0,2.8,4.3,55.7,0,8.2,Downtown,857900
H0177,1700,3,2.0,22822,2,3,20.2,6.6,18.5,0,6.2,Rural Edge,564800
H0178,1821,2,1.5,3977,15,2,4.1,6.9,50.7,0,4.7,College Area,498800
H0179,2490,4,3.5,6182,16,0,6.4,8.9,31.7,0,5.4,Suburban Core,734300
H0180,2427,4,2.5,7343,7,1,4.4,5.8,48.0,0,8.1,Downtown,744300
H0181,2100,4,3.5,12655,26,1,2.5,5.9,41.0,1,9.2,College Area,828800
H0182,2652,5,4.0,7420,16,2,24.8,7.3,13.0,1,5.1,Rural Edge,712900
H0183,1848,4,4.5,6434,14,2,8.2,8.0,24.0,0,6.9,Suburban Core,741000
H0184,1573,3,1.0,11937,21,0,5.0,5.9,41.9,0,4.9,College Area,517800
H0185,3973,6,4.5,3457,8,1,6.8,4.8,73.5,0,8.4,College Area,1036000
H0186,1145,2,1.0,12288,32,2,4.2,6.2,18.9,0,3.9,College Area,441900
H0187,1541,2,1.0,6526,20,1,10.1,7.0,43.6,0,6.6,College Area,557300
H0188,1487,1,1.0,7771,9,2,23.1,8.6,16.4,0,5.1,Rural Edge,411600
H0189,3130,4,3.5,5921,31,2,4.8,7.5,78.1,0,3.5,Downtown,890500
H0190,2039,5,4.0,5176,74,2,5.2,6.4,83.3,0,4.4,Downtown,566600
H0191,2635,3,2.5,5426,3,2,4.5,6.2,52.1,0,0.6,Downtown,644800
H0192,2127,2,1.5,12337,4,3,24.2,6.5,30.4,0,7.2,Rural Edge,571300
H0193,771,1,1.0,10071,0,2,5.9,6.8,46.5,0,5.4,College Area,422900
H0194,2505,4,3.0,6813,1,0,2.4,7.6,49.8,0,5.3,College Area,793300
H0195,2492,4,3.5,12475,13,2,5.3,8.2,35.5,0,7.2,Suburban Core,828200
H0196,1688,2,1.5,7026,37,1,8.1,7.3,35.4,0,2.7,Suburban Core,440600
H0197,1397,3,3.0,14918,2,1,7.7,6.0,20.5,0,6.1,College Area,562700
H0198,1287,3,4.0,5153,95,0,7.9,5.5,28.4,0,7.0,College Area,373900
H0199,1638,3,2.5,10371,14,2,7.8,8.4,10.7,0,3.9,Suburban Core,651700
H0200,1720,2,1.5,7603,17,1,8.6,8.0,30.5,0,5.4,Suburban Core,535500
H0201,2183,5,4.5,6881,18,1,8.6,7.6,28.7,0,4.8,Suburban Core,645600
H0202,2525,4,3.0,18420,54,2,6.3,8.6,32.3,0,7.1,Suburban Core,809600
H0203,2532,5,4.5,5640,32,1,21.3,8.8,7.8,0,5.0,Rural Edge,722300
H0204,2219,4,3.0,7399,60,1,18.2,6.6,31.6,0,0,Rural Edge,412000
H0205,1874,2,1.5,21564,0,1,5.1,5.4,54.0,0,6.0,Downtown,615200
H0206,1577,2,2.0,7271,16,1,0.2,5.8,57.8,0,3.6,Downtown,450300
H0207,1676,2,1.5,12400,33,2,3.6,5.6,65.0,0,8.0,Downtown,572800
H0208,999,1,1.0,6175,13,3,2.9,5.6,52.2,0,6.2,Downtown,494800
H0209,1735,2,2.0,12121,2,0,14.3,9.1,24.1,1,2.8,Lake District,628100
H0210,1568,2,1.0,11853,8,1,13.7,5.9,28.7,0,6.7,Suburban Core,493800
H0211,2528,3,2.5,11670,6,2,6.3,8.9,34.2,0,4.7,Suburban Core,739400
H0212,996,2,2.5,10832,39,0,2.3,7.5,62.3,0,0.4,Downtown,428400
H0213,2296,4,4.0,11680,30,1,20.7,6.2,18.8,0,3.4,Rural Edge,537900
H0214,2678,4,4.0,13142,11,3,0.2,5.7,60.0,0,7.8,College Area,926100
H0215,2241,5,4.5,9238,12,2,8.6,7.9,30.5,0,4.7,Suburban Core,870100
H0216,2732,5,4.5,7662,21,1,2.2,5.7,41.7,0,3.9,Downtown,739900
H0217,2897,6,4.5,5816,6,2,1.8,7.5,59.7,0,9.1,Downtown,982400
H0218,2286,3,2.5,18577,4,2,14.6,8.4,13.4,1,6.8,Lake District,953900
H0219,2426,4,4.0,11927,36,2,12.5,9.1,43.7,0,6.2,Suburban Core,749800
H0220,2636,4,3.5,11445,13,2,1.5,4.6,67.8,0,3.5,Downtown,673900
H0221,3549,6,4.5,12114,30,2,3.0,7.2,53.5,0,5.6,Downtown,1033800
H0222,650,2,2.0,5287,10,1,9.4,8.7,5.0,0,9.0,Lake District,536600
H0223,2011,3,2.5,5883,13,1,3.7,5.0,58.3,0,5.7,Downtown,642500
H0224,3153,6,4.5,5438,27,1,5.5,5.1,46.6,0,6.7,College Area,822700
H0225,1927,3,2.0,10498,9,2,7.3,8.1,13.4,0,1.4,Suburban Core,636900
H0226,2254,3,2.0,13028,3,1,0.2,5.1,70.8,0,5.4,Downtown,701600
H0227,2283,4,3.5,3897,5,0,24.3,6.3,5.2,0,7.0,Rural Edge,636000
H0228,2521,3,2.0,7600,84,2,6.7,6.7,41.4,0,4.7,College Area,555100
H0229,2477,5,4.5,6837,57,1,10.5,8.5,40.1,0,3.7,Lake District,732700
H0230,3754,6,4.5,15702,9,1,4.3,7.5,2.3,0,6.8,Suburban Core,1123700
H0231,1240,1,1.0,8583,10,0,10.7,8.8,12.1,0,6.2,Suburban Core,418500
H0232,2634,5,3.5,8654,4,1,7.5,8.1,19.1,0,6.1,Suburban Core,888700
H0233,2103,3,2.5,9044,41,1,9.6,7.2,13.3,0,0.7,Suburban Core,651400
H0234,1623,3,2.5,12999,55,2,0.2,5.8,41.1,0,1.6,Downtown,497400
H0235,1988,4,3.5,5063,12,1,10.1,9.1,27.1,1,7.8,Lake District,777900
H0236,2994,4,3.5,20255,29,0,22.2,5.6,35.6,0,5.5,Rural Edge,694700
H0237,1403,3,3.0,6103,12,2,9.8,9.9,1,0,4.5,Suburban Core,613500
H0238,2089,4,3.0,10460,66,2,8.2,7.2,23.0,0,4.9,Suburban Core,576100
H0239,3437,6,4.5,18218,0,2,12.4,8.8,28.0,0,2.0,Suburban Core,998700
H0240,2590,4,2.5,5185,10,2,13.4,8.9,5.7,0,6.1,Lake District,865400
H0241,1990,3,2.0,11315,38,1,0.2,5.3,75.6,0,7.1,Downtown,592500
H0242,1564,2,1.5,10761,20,2,6.4,7.4,30.0,0,7.5,College Area,623500
H0243,2018,2,2.0,8922,0,1,2.0,6.2,50.1,0,5.6,College Area,650600
H0244,1760,2,1.5,6371,43,2,0.2,9.4,41.7,0,3.1,Downtown,558200
H0245,1985,2,1.5,9712,26,2,23.8,6.2,8.8,0,6.2,Rural Edge,448900
H0246,1676,3,2.5,6608,36,0,10.9,9.3,37.1,0,3.1,Suburban Core,516000
H0247,2499,5,4.5,4653,8,0,2.8,5.9,56.7,0,6.1,Downtown,808500
H0248,2267,4,3.0,7723,12,2,6.2,6.1,46.8,0,3.7,Downtown,678100
H0249,2780,3,2.0,8669,5,1,5.5,5.7,71.0,0,5.3,Downtown,692600
H0250,2454,4,3.5,6945,16,3,24.0,6.0,35.9,0,7.6,Rural Edge,585500
H0251,2535,5,4.0,14525,12,2,4.5,5.5,42.9,0,9.2,Downtown,788700
H0252,2199,4,3.5,9781,5,1,25.0,7.4,26.9,0,5.6,Rural Edge,557600
H0253,2751,6,4.5,9094,26,1,12.2,8.4,32.3,0,5.9,Suburban Core,863300
H0254,1871,3,1.5,7079,16,3,21.8,7.8,38.5,0,6.7,Rural Edge,460000
H0255,2004,4,3.0,9307,13,2,3.3,6.7,62.5,0,3.8,Downtown,662900
H0256,2336,5,4.5,8524,17,2,4.5,7.3,36.2,0,4.1,Downtown,736700
H0257,1638,2,2.0,6800,36,0,22.3,5.1,26.4,0,5.6,Rural Edge,372600
H0258,3378,5,4.5,18298,23,1,4.7,6.1,29.4,0,4.6,College Area,935100
H0259,2518,3,2.0,15015,14,2,9.6,6.9,16.3,0,7.7,Suburban Core,733300
H0260,2659,5,4.0,12010,32,2,6.0,6.2,47.3,0,4.1,College Area,698400
H0261,2383,4,4.5,8058,6,3,13.6,8.6,1,0,10,Lake District,865400
H0262,1965,4,2.5,8012,28,2,11.1,10.0,20.8,0,5.4,Lake District,753800
H0263,2480,4,4.5,7047,23,1,4.9,7.9,28.9,0,5.8,Suburban Core,805000
H0264,834,1,1.5,9191,14,2,13.6,7.8,41.3,0,9.9,Lake District,490200
H0265,1519,1,1.0,8013,23,1,3.2,6.3,67.9,0,6.7,Downtown,468900
H0266,1678,2,1.5,11955,2,1,8.9,10,28.6,0,3.4,Lake District,705600
H0267,1518,1,1.0,6398,7,1,11.9,8.1,35.6,0,8.9,Lake District,563500
H0268,1332,3,2.5,10211,95,3,0.2,3.0,56.7,0,2.8,Downtown,409800
H0269,2325,3,2.0,6543,5,1,25.8,6.5,7.2,1,6.8,Rural Edge,628000
H0270,2931,4,4.5,5790,25,1,4.2,6.6,70.1,0,6.4,Downtown,779400
H0271,1683,2,2.0,5934,12,2,25.8,9.0,32.7,0,8.9,Rural Edge,389200
H0272,2105,3,1.5,5974,22,0,11.3,10.0,31.8,0,3.9,Suburban Core,559000
H0273,700,1,1.0,10044,5,2,9.4,7.1,19.6,0,3.9,Suburban Core,413400
H0274,1693,3,3.0,12165,26,0,0.2,6.8,57.6,0,4.6,Downtown,603200
H0275,2006,4,4.0,7835,0,1,1.5,4.6,69.5,0,5.0,Downtown,666100
H0276,2362,3,2.5,6060,2,1,5.9,5.7,24.8,0,6.2,College Area,726900
H0277,2182,3,2.0,6569,95,0,20.1,6.6,1,0,4.9,Rural Edge,445000
H0278,2886,4,3.0,9935,11,0,0.9,5.2,58.4,0,5.8,Downtown,771800
H0279,1693,3,4.0,16442,0,1,2.6,7.4,42.1,0,6.5,College Area,643400
H0280,2538,4,3.0,7483,14,1,26.2,8.5,12.3,0,5.0,Rural Edge,699400
H0281,2349,3,2.5,9630,26,3,9.2,8.3,36.8,0,6.1,Suburban Core,729400
H0282,2408,4,4.0,8436,10,2,0.2,5.1,46.0,0,8.7,College Area,710500
H0283,2760,5,4.5,3643,15,3,4.4,6.7,25.3,0,6.6,College Area,911300
H0284,2017,3,3.5,8685,27,2,14.0,8.6,19.7,1,4.1,Suburban Core,647500
H0285,2937,5,4.5,12898,24,1,8.3,8.4,27.4,0,6.2,Suburban Core,981000
H0286,1168,1,1.0,10995,7,3,21.5,6.9,3.9,0,7.1,Rural Edge,482000
H0287,2702,4,3.0,10255,5,2,19.7,8.3,19.0,0,9.9,Rural Edge,763100
H0288,2017,3,3.0,7579,0,2,5.6,8.2,40.9,0,4.2,Suburban Core,661100
H0289,1250,2,1.0,4523,1,2,9.7,7.6,29.7,0,5.2,Suburban Core,527000
H0290,2591,3,2.5,6313,25,3,4.5,6.5,66.2,0,8.7,Downtown,784900
H0291,2723,4,3.0,11945,1,2,3.9,6.6,78.9,0,4.3,Downtown,761900
H0292,1309,2,2.5,3163,14,2,4.2,5.4,63.6,0,6.7,Downtown,489300
H0293,1900,3,3.0,7196,95,1,7.9,9.0,25.9,0,0.8,Suburban Core,439500
H0294,1573,3,2.5,16201,13,1,0.2,5.9,35.2,0,5.2,College Area,624300
H0295,3296,5,4.5,9331,70,1,4.9,7.3,38.6,0,4.8,College Area,806700
H0296,1866,1,1.5,16351,42,2,26.1,6.3,9.8,0,3.3,Rural Edge,388300
H0297,2294,4,3.5,12931,54,1,3.2,5.6,47.2,1,2.1,Downtown,661200
H0298,1471,2,1.5,8520,1,1,19.5,5.4,26.5,0,6.5,Rural Edge,456800
H0299,2834,5,4.5,4468,40,2,22.9,7.2,11.2,0,4.0,Rural Edge,709200
H0300,2948,6,4.5,7763,10,1,8.7,7.0,52.9,0,8.1,Suburban Core,864300
H0301,2280,3,2.0,11552,1,2,27.4,6.0,34.6,1,3.3,Rural Edge,555600
H0302,1803,3,3.0,5261,8,0,22.4,7.9,34.0,1,3.2,Rural Edge,478100
H0303,1856,4,3.5,7554,51,1,19.3,4.9,42.0,0,5.0,Rural Edge,451400
H0304,2731,4,4.5,8758,18,0,23.5,7.6,23.0,0,4.5,Rural Edge,696900
H0305,1555,3,2.5,8543,26,3,12.8,6.5,26.0,0,4.9,Suburban Core,536900
H0306,2466,4,4.0,9635,7,3,7.4,7.0,50.2,0,6.3,Downtown,816300
H0307,2463,3,2.5,6182,80,0,6.1,7.7,53.7,0,1.2,College Area,556300
H0308,1640,4,3.0,13472,40,2,10.0,8.2,11.3,0,3.5,Suburban Core,577000
H0309,1471,3,2.0,11254,12,2,3.7,5.2,59.3,1,6.8,Downtown,596500
H0310,1987,3,1.0,10518,70,3,8.5,7.1,25.6,0,3.9,Suburban Core,567500
H0311,1688,3,1.5,9900,56,1,5.2,5.7,24.1,1,5.5,College Area,588000
H0312,2079,2,1.0,9451,9,1,5.8,7.6,32.2,0,5.4,College Area,607800
H0313,2442,3,2.5,10126,14,1,20.5,7.0,8.7,0,4.0,Rural Edge,568200
H0314,2238,4,2.5,7994,20,0,15.9,5.8,16.2,1,2.9,Lake District,720800
H0315,1900,3,3.0,11269,9,1,2.3,5.0,51.5,0,5.2,Downtown,635600
H0316,2967,5,4.0,5195,17,1,9.5,7.4,20.6,0,3.7,Suburban Core,773200
H0317,2664,5,4.5,18839,9,2,22.7,6.6,16.6,0,6.6,Rural Edge,712500
H0318,1459,3,3.0,20691,2,1,6.8,6.7,44.6,0,4.5,College Area,571200
H0319,1978,4,2.5,9366,35,1,0.2,3.8,39.8,0,5.4,Downtown,630700
H0320,2053,1,1.0,7466,22,0,8.6,7.4,25.3,0,4.0,Suburban Core,301800
H0321,2407,2,1.5,7932,11,2,9.6,7.4,15.3,0,3.3,Suburban Core,675800
H0322,2327,4,4.0,7056,86,2,3.1,8.2,22.5,0,2.8,College Area,653500
H0323,838,2,2.0,4155,22,1,20.6,5.5,35.0,0,5.8,Rural Edge,345500
H0324,1517,3,2.0,6912,4,1,21.0,8.2,33.7,0,8.1,Rural Edge,453700
H0325,2548,3,2.5,8702,12,1,23.6,7.0,31.9,0,7.2,Rural Edge,633600
H0326,1888,3,2.0,4767,2,2,8.7,8.8,24.7,1,2.9,Suburban Core,702800
H0327,3313,6,4.5,19061,0,1,9.2,6.5,26.7,0,7.6,Suburban Core,909100
H0328,1874,3,2.5,18981,2,0,8.2,7.8,48.7,0,5.0,Suburban Core,602000
H0329,1897,3,4.0,4840,2,2,1.5,8.1,52.9,0,4.3,College Area,648500
H0330,2303,4,2.5,13631,2,2,5.3,8.9,29.9,0,6.4,Suburban Core,732600
H0331,2498,3,2.5,13750,53,2,20.7,7.9,26.5,0,4.8,Rural Edge,598100
H0332,1663,2,1.5,10229,21,2,2.9,4.8,58.2,0,5.5,Downtown,549000
H0333,2359,5,3.0,9197,31,2,23.7,8.2,20.9,0,1.9,Rural Edge,624900
H0334,2675,3,2.5,7092,31,0,19.4,6.1,34.7,1,5.4,Rural Edge,626400
H0335,2501,3,2.0,5592,16,1,5.9,9.2,36.5,0,9.2,College Area,840100
H0336,1351,3,2.5,10133,50,2,12.3,10,2.7,1,0,Lake District,545300
H0337,2777,4,3.0,11193,15,1,9.4,8.8,33.2,0,7.8,Suburban Core,787500
H0338,2619,4,3.5,9717,58,0,0.2,7.4,46.1,0,7.1,College Area,663200
H0339,1588,2,1.0,7577,14,2,15.9,8.6,16.1,1,2.4,Lake District,639500
H0340,1720,2,1.5,42930,2,1,19.0,8.0,9.1,0,3.6,Rural Edge,553300
H0341,1445,1,1.0,9134,25,0,11.5,7.3,36.0,0,5.5,Suburban Core,396900
H0342,1838,3,3.0,12357,9,2,11.1,7.5,8.5,0,4.9,Lake District,684900
H0343,1763,3,3.5,5164,8,2,21.8,8.6,4.6,0,3.1,Rural Edge,525600
H0344,1574,2,2.0,8687,95,2,3.8,7.9,24.8,0,1.3,College Area,449600
H0345,2523,5,4.5,3102,1,1,1.7,7.3,17.9,0,6.9,College Area,852200
H0346,3080,4,3.5,3802,12,1,11.8,8.6,23.8,0,3.3,Suburban Core,860700
H0347,2026,4,3.5,9589,30,1,2.2,7.8,56.6,0,2.7,Downtown,484600
H0348,2075,4,3.5,4894,6,1,6.1,7.5,42.7,0,3.8,College Area,605200
H0349,2014,3,2.5,28393,22,1,7.2,5.7,52.4,0,4.0,Downtown,669700
H0350,1737,1,1.0,11565,4,3,10.9,7.4,31.0,1,7.6,Suburban Core,619000
H0351,2904,4,4.0,4620,65,2,8.7,7.6,36.7,0,5.2,Suburban Core,662200
H0352,2561,5,4.0,4659,63,1,0.6,7.4,50.7,0,6.1,Downtown,679500
H0353,3713,6,4.5,18901,12,1,0.9,5.2,38.0,0,1.9,Downtown,883500
H0354,1742,3,1.5,7610,32,2,6.9,7.8,28.3,0,5.0,Suburban Core,541300
H0355,1471,2,2.0,6181,48,2,0.2,8.1,45.3,0,4.8,College Area,535600
H0356,2186,2,1.5,11935,23,2,1.7,7.2,66.3,0,6.0,Downtown,637500
H0357,2197,4,3.0,8160,24,3,22.5,6.3,4.1,0,5.5,Rural Edge,619700
H0358,1454,2,1.0,22192,24,1,14.1,9.2,26.0,0,3.3,Lake District,543600
H0359,3119,6,4.5,4100,0,0,22.5,7.2,9.9,0,2.6,Rural Edge,784500
H0360,1053,1,1.0,2838,25,2,9.4,5.4,25.0,0,5.8,Suburban Core,252100
H0361,3876,6,4.5,7894,6,0,10.2,8.3,36.4,0,9.3,Suburban Core,1027000
H0362,2105,3,3.0,5150,59,1,22.3,8.1,26.0,0,6.7,Rural Edge,518100
H0363,1295,2,1.0,12673,3,2,9.3,8.9,19.3,0,6.8,Suburban Core,603200
H0364,2484,4,4.5,5716,16,2,11.2,8.0,34.0,1,4.1,Suburban Core,764000
H0365,1143,2,1.5,9727,7,2,6.4,8.8,29.5,0,4.8,Suburban Core,506200
H0366,2125,3,3.0,14412,1,3,4.3,5.8,41.7,0,7.4,College Area,679000
H0367,3042,5,4.5,6054,7,1,9.4,8.1,22.1,0,4.9,Suburban Core,824000
H0368,1731,3,3.0,11830,0,1,7.2,7.6,13.5,0,6.3,Suburban Core,596400
H0369,2362,5,4.0,16906,65,1,1.5,6.5,46.7,1,5.6,Downtown,711400
H0370,2799,4,3.0,6444,28,1,0.2,7.4,43.7,0,5.4,Downtown,753700
H0371,1907,3,2.0,8556,17,2,4.4,7.7,33.9,0,4.3,Suburban Core,588600
H0372,1214,2,2.5,5038,5,2,4.2,7.3,46.2,0,6.9,College Area,565000
H0373,1247,3,3.0,6719,0,1,22.2,7.0,28.1,0,2.4,Rural Edge,376200
H0374,2833,3,2.5,8949,16,0,2.3,6.3,58.5,0,4.5,College Area,734000
H0375,1751,5,4.0,8788,5,1,20.6,4.5,23.6,1,4.8,Rural Edge,616200
H0376,2066,4,4.5,5193,95,1,8.7,10,28.6,0,7.6,Suburban Core,608800
H0377,1358,2,1.0,16165,35,1,15.0,8.0,26.7,1,6.6,Lake District,404200
H0378,1808,3,2.5,11044,6,2,8.2,9.5,26.8,0,5.6,Suburban Core,651900
H0379,1734,4,4.5,7494,51,1,7.4,8.9,23.0,0,6.4,Suburban Core,646500
H0380,1902,4,3.5,3670,95,0,11.5,9.0,35.2,1,3.7,Suburban Core,570900
H0381,3609,6,4.5,3756,14,1,9.3,7.9,18.2,1,4.6,Lake District,1027800
H0382,2658,4,3.0,9256,0,2,4.5,9.0,36.8,0,3.7,College Area,742100
H0383,1914,2,2.0,13364,22,2,11.4,7.0,9.8,1,6.0,Suburban Core,594900
H0384,2033,4,3.5,11916,4,1,24.6,7.7,17.1,0,1.2,Rural Edge,528100
H0385,2217,4,3.5,10426,31,0,4.1,6.5,25.7,1,3.3,College Area,650300
H0386,2028,3,2.5,6035,5,2,6.9,8.8,14.4,0,2.7,Suburban Core,639600
H0387,3165,6,4.5,6765,45,1,11.6,7.2,25.8,0,2.8,Suburban Core,871300
H0388,2314,4,4.0,6095,2,1,0.4,8.7,50.1,0,7.1,College Area,798900
H0389,2404,4,3.5,14398,41,2,10.5,7.7,30.2,0,4.1,Suburban Core,753100
H0390,2778,4,4.0,8515,7,1,12.5,8.3,17.2,1,6.6,Lake District,951500
H0391,2392,4,3.5,10948,24,2,0.2,7.2,58.9,0,7.2,Downtown,779000
H0392,2555,4,3.5,12145,1,1,14.1,8.2,31.2,1,8.4,Lake District,887200
H0393,2358,3,3.5,8016,5,2,11.9,8.1,33.5,0,7.4,Suburban Core,759900
H0394,2284,5,4.5,14801,24,2,1.9,7.1,41.3,0,4.8,Downtown,733200
H0395,1693,2,1.0,7366,8,2,4.6,6.5,41.9,0,8.4,College Area,601300
H0396,2322,3,1.0,6408,4,1,21.2,8.4,29.7,0,6.4,Rural Edge,554600
H0397,2056,4,4.0,4519,13,1,8.0,9.1,22.5,0,5.9,Suburban Core,733000
H0398,1675,3,3.0,8408,30,1,5.8,7.0,20.0,0,3.1,Suburban Core,548600
H0399,1650,2,2.0,12673,36,1,18.2,8.9,15.5,1,5.8,Lake District,603400
H0400,2572,3,2.0,6771,0,1,11.5,9.0,15.2,0,5.9,Suburban Core,799000
H0401,1634,3,1.5,3286,11,1,8.7,8.5,10.6,1,8.3,Lake District,669800
H0402,2398,4,3.0,7154,95,1,5.5,7.0,37.6,0,4.6,College Area,610000
H0403,1659,3,2.5,3892,15,0,2.9,6.8,30.6,0,7.4,College Area,427800
H0404,1691,3,4.0,12074,74,0,1.3,6.3,44.4,0,1.9,Downtown,463000
H0405,2678,5,4.5,3726,1,2,22.7,7.9,28.4,0,3.5,Rural Edge,677900
H0406,1705,3,3.5,7982,15,1,8.5,8.4,29.6,0,6.7,Suburban Core,577300
H0407,2830,4,4.5,3795,54,2,6.6,6.3,32.4,0,6.7,College Area,829400
H0408,1735,2,1.0,9385,80,2,21.2,7.4,17.1,0,4.2,Rural Edge,333400
H0409,2095,3,2.0,7983,24,2,6.6,8.2,33.3,0,4.8,Suburban Core,596600
H0410,650,1,1.0,18550,76,1,8.9,8.6,30.7,1,5.6,Lake District,408500
H0411,2960,3,1.5,6907,46,3,22.2,7.6,39.2,0,1.7,Rural Edge,631500
H0412,1338,3,1.5,16167,14,2,18.7,8.3,9.0,0,4.9,Rural Edge,438800
H0413,2512,3,2.5,13747,3,1,0.2,7.1,53.4,0,6.9,Downtown,670700
H0414,1923,4,3.0,11846,17,1,2.6,6.2,24.7,0,6.3,College Area,710800
H0415,3369,5,4.5,24274,95,3,5.7,8.6,46.9,0,4.9,College Area,883400
H0416,2380,5,4.5,4546,16,1,11.9,8.3,11.7,0,6.0,Lake District,799000
H0417,2645,3,3.0,10753,14,1,23.3,7.5,21.0,0,8.6,Rural Edge,638900
H0418,2821,5,4.5,13679,33,1,18.1,6.8,26.5,1,4.3,Rural Edge,768800
H0419,3677,5,3.5,5311,26,1,12.2,9.5,1,0,9.3,Lake District,1043000
H0420,1855,3,2.5,6294,4,2,13.5,10,32.6,0,6.0,Lake District,628400
H0421,1264,1,1.0,13236,95,2,4.6,6.4,50.8,0,0.6,College Area,319900
H0422,2221,3,3.5,5808,17,0,22.2,7.2,18.2,1,6.5,Rural Edge,592700
H0423,1904,5,4.0,18324,22,1,8.1,8.3,26.7,0,2.3,Suburban Core,721300
H0424,2259,2,1.0,11559,2,2,5.8,5.5,32.1,0,10,Suburban Core,691100
H0425,1621,4,3.5,9095,1,0,11.6,7.7,21.6,0,6.4,Lake District,655600
H0426,2544,4,3.5,11763,40,1,17.1,8.2,13.8,0,1.4,Lake District,745700
H0427,2752,5,4.5,7926,17,1,0.2,5.8,55.7,0,1.8,Downtown,732400
H0428,2375,3,2.5,10076,18,1,6.8,7.8,35.4,0,4.4,Suburban Core,673700
H0429,2530,3,2.5,5019,2,2,11.3,7.3,17.8,1,7.7,Lake District,834800
H0430,2093,4,4.0,5821,16,1,18.9,6.5,48.0,0,6.2,Rural Edge,594700
H0431,2313,3,2.5,5946,17,1,0.2,4.1,68.3,0,5.0,Downtown,548400
H0432,910,1,1.0,7141,0,2,2.3,8.3,51.4,0,4.4,Downtown,416800
H0433,2205,3,2.5,8327,4,2,4.2,7.6,66.0,0,5.5,Downtown,670500
H0434,1877,3,2.5,12072,95,2,1.2,5.8,34.8,0,0.6,College Area,474000
H0435,1581,1,1.0,8827,10,1,6.9,7.1,45.2,0,7.0,Downtown,563000
H0436,1875,3,3.0,7265,6,2,20.8,5.1,10.5,0,7.2,Rural Edge,576800
H0437,2584,3,2.5,9690,37,0,12.3,8.0,22.3,1,7.7,Lake District,686300
H0438,3143,5,4.5,13428,4,2,4.3,8.5,25.7,0,5.3,Suburban Core,939400
H0439,1772,3,3.5,6879,31,2,5.3,7.9,18.8,0,0.5,Suburban Core,502700
H0440,2432,3,2.0,18482,65,2,23.7,5.6,26.3,0,6.5,Rural Edge,559100
H0441,2505,3,1.5,3034,11,2,20.9,6.8,10.3,0,8.4,Rural Edge,624200
H0442,1779,3,3.5,7590,16,2,5.4,7.9,26.9,1,9.5,Suburban Core,739200
H0443,1370,4,3.5,15315,27,2,22.7,6.6,11.3,0,2.9,Rural Edge,426300
H0444,2032,2,1.5,11131,32,1,2.6,4.3,50.1,0,3.7,Downtown,454000
H0445,2279,4,4.0,16586,3,2,11.0,8.1,35.6,0,7.6,Suburban Core,784200
H0446,1716,2,1.5,18429,95,2,5.1,5.9,52.1,0,5.9,College Area,472600
H0447,2041,2,2.5,19256,20,1,7.1,7.5,21.2,0,9.1,Suburban Core,658900
H0448,1190,1,1.0,12556,2,1,4.4,8.4,26.8,0,3.9,Suburban Core,488700
H0449,1431,2,1.0,8486,15,2,4.6,5.7,73.4,0,5.0,Downtown,515100
H0450,2833,5,4.5,5578,37,2,3.7,8.4,38.0,0,7.0,College Area,892800
H0451,720,3,2.5,11046,24,2,27.1,7.5,27.3,0,4.5,Rural Edge,300800
H0452,2123,2,2.0,14142,41,0,5.1,5.5,31.6,0,2.6,College Area,541500
H0453,1569,4,3.0,6043,21,1,9.6,6.4,40.7,0,2.5,College Area,504300
H0454,1283,2,1.5,8996,26,1,4.1,6.4,39.2,0,6.2,College Area,467700
H0455,3234,5,4.5,14563,44,3,20.0,6.1,41.1,1,5.9,Rural Edge,783800
H0456,2359,4,4.0,5860,4,1,10.1,7.7,34.6,1,4.7,Suburban Core,732500
H0457,1660,3,2.0,4865,3,2,23.2,8.6,12.0,0,4.8,Rural Edge,497500
H0458,2312,3,3.0,7743,58,1,15.4,7.7,18.3,0,4.7,Suburban Core,561200
H0459,1811,2,2.0,8938,65,1,21.9,6.8,3.7,0,4.9,Rural Edge,411000
H0460,2096,2,1.0,7369,27,1,7.5,9.8,29.6,0,4.6,Suburban Core,633600
H0461,1606,2,1.0,14268,30,2,20.9,7.5,22.2,0,2.9,Rural Edge,444300
H0462,2036,4,3.5,7072,30,0,4.8,5.7,38.8,0,5.9,Downtown,577500
H0463,2578,3,2.0,7439,39,1,21.9,6.7,1,0,6.0,Rural Edge,585500
H0464,2227,3,2.5,9638,34,1,15.9,7.9,24.2,0,4.7,Lake District,642800
H0465,1057,3,2.0,9560,22,1,3.2,5.7,46.8,1,5.9,College Area,498300
H0466,2942,5,4.0,11693,7,1,1.0,7.7,49.6,0,10,Downtown,969100
H0467,1952,4,3.0,6331,14,2,12.8,8.5,19.4,0,6.5,Lake District,802000
H0468,2268,4,3.5,5837,26,2,10.6,8.6,12.5,0,4.5,Suburban Core,732400
H0469,1982,3,2.0,12570,26,3,8.1,7.9,27.4,0,5.5,Suburban Core,655500
H0470,1905,2,1.5,9434,30,1,12.2,8.1,21.0,0,5.5,Lake District,670500
H0471,1236,3,3.0,12681,10,1,22.4,7.3,18.9,0,5.4,Rural Edge,464500
H0472,2895,3,3.0,8033,43,2,9.8,5.5,34.9,0,3.1,Suburban Core,751000
H0473,1885,4,3.5,10459,1,1,17.3,6.7,28.6,0,4.5,Rural Edge,594500
H0474,3452,5,3.5,6239,89,1,7.3,8.7,34.4,0,4.7,Suburban Core,584100
H0475,1659,3,1.5,7245,47,2,2.4,6.2,47.0,0,6.7,Downtown,496800
H0476,2435,4,3.5,6866,8,2,13.3,8.1,31.6,0,5.9,Suburban Core,757500
H0477,1339,1,1.0,8056,12,2,23.5,8.0,26.2,0,3.0,Rural Edge,356200
H0478,1783,3,3.0,10591,15,0,17.7,6.9,8.7,0,5.4,Rural Edge,541700
H0479,2036,4,2.5,8239,41,1,2.9,4.7,59.9,0,6.6,Downtown,595800
H0480,1470,2,1.0,6351,17,0,20.3,7.2,8.0,0,7.5,Rural Edge,397300
H0481,1536,3,3.0,6910,37,3,8.2,9.4,25.4,0,5.6,Suburban Core,580500
H0482,2709,4,3.5,4405,8,3,11.5,7.7,36.3,0,7.4,Suburban Core,823000
H0483,1578,3,2.0,3985,39,2,22.9,6.2,17.7,0,4.2,Rural Edge,390200
H0484,1304,2,2.0,23712,0,0,0.2,9.1,36.0,0,6.0,College Area,576800
H0485,1408,2,1.5,3298,14,1,0.2,7.0,60.4,0,5.9,Downtown,493100
H0486,3099,4,4.0,6741,38,1,0.2,5.0,48.3,1,8.6,Downtown,961000
H0487,2537,2,1.0,4909,17,1,0.2,8.7,49.5,0,4.3,Downtown,671800
H0488,1737,3,2.5,14255,6,1,4.9,5.2,57.7,1,3.9,Downtown,679000
H0489,2565,5,4.5,12587,55,1,11.3,10,15.0,0,3.3,Lake District,802800
H0490,2506,5,4.5,6694,25,1,11.2,6.9,20.1,0,6.3,Suburban Core,757100
H0491,1385,3,2.5,7847,25,1,10.8,8.9,9.6,1,2.6,Lake District,613200
H0492,1915,4,3.0,9756,35,3,18.8,5.2,31.0,0,2.6,Rural Edge,540300
H0493,1770,3,2.5,10935,11,2,3.2,7.4,49.4,0,6.2,College Area,676800
H0494,2832,5,4.5,11396,17,1,10.5,8.9,13.4,0,8.1,Suburban Core,930600
H0495,2618,4,3.0,8888,1,2,0.2,5.2,47.3,0,3.5,Downtown,743600
H0496,1444,2,2.0,18416,1,2,21.7,7.6,9.3,0,8.6,Rural Edge,548600
H0497,1463,1,1.0,7905,3,1,8.8,8.3,24.1,0,5.8,Suburban Core,526200
H0498,3035,6,4.5,6326,18,3,1.8,6.8,33.2,0,5.6,Downtown,951300
H0499,969,3,2.5,2968,31,1,5.7,6.0,56.7,0,5.3,Downtown,379100
H0500,2345,4,3.5,5812,15,1,10.0,8.9,33.9,0,3.6,Suburban Core,732300
H0501,2802,4,3.5,4387,1,1,5.2,5.9,48.4,0,2.9,College Area,740300
H0502,1507,4,2.5,18288,6,2,19.8,7.4,34.9,1,0.8,Rural Edge,512300
H0503,2411,4,4.0,11319,19,2,10.5,9.1,21.4,0,6.8,Lake District,828200
H0504,1759,3,3.5,6317,12,1,15.0,7.2,24.4,0,8.7,Lake District,764800
H0505,1856,3,3.0,9063,5,1,2.9,7.6,39.3,0,8.7,College Area,663800
H0506,2992,6,4.5,11294,13,1,14.3,8.4,8.2,1,6.6,Lake District,999200
H0507,3169,6,4.5,11452,33,3,11.4,7.7,27.2,0,5.8,Lake District,973400
H0508,2840,4,3.5,9876,25,2,8.5,8.1,38.1,0,5.9,Suburban Core,816200
H0509,1339,3,2.5,5419,31,1,1.4,7.0,52.1,0,3.3,College Area,485800
H0510,650,1,1.0,11845,6,1,18.1,7.5,22.2,0,9.0,Rural Edge,388900
H0511,1935,4,3.5,4905,18,2,11.5,9.0,26.6,0,7.0,Suburban Core,696900
H0512,1704,1,1.0,3707,2,2,5.2,7.2,43.0,0,2.6,College Area,664400
H0513,2958,5,4.5,8648,24,1,8.7,6.8,52.3,0,4.4,College Area,764900
H0514,2368,4,2.0,10434,1,1,14.8,9.5,24.5,0,5.5,Lake District,700700
H0515,2457,3,2.0,6513,29,0,0.2,6.4,66.1,0,10,Downtown,700300
H0516,1990,3,2.0,7619,13,1,21.3,4.5,32.1,0,9.9,Rural Edge,517900
H0517,1983,4,4.0,12523,18,2,7.6,8.4,37.3,0,8.6,College Area,765900
H0518,1820,2,1.0,3448,29,2,23.4,6.7,16.2,0,8.2,Rural Edge,427700
H0519,727,1,1.0,9366,2,2,7.2,6.0,40.5,0,4.6,Suburban Core,350900
H0520,1602,2,2.0,11848,44,1,5.7,7.4,44.3,0,7.9,College Area,517600
H0521,3075,3,2.5,4103,50,1,11.2,8.0,15.0,0,6.9,Suburban Core,704600
H0522,1990,2,1.5,14304,16,1,8.2,7.1,9.5,0,4.2,Suburban Core,574500
H0523,3117,5,3.5,8390,12,2,24.2,6.7,25.2,0,4.5,Rural Edge,766000
H0524,1162,2,2.0,19137,95,1,3.8,5.5,14.6,0,1.0,College Area,375400
H0525,2532,5,4.5,13520,44,2,4.3,4.8,49.2,0,5.1,Downtown,728600
H0526,1591,2,1.0,10192,95,3,13.9,6.2,33.5,0,7.7,Suburban Core,480300
H0527,3034,5,3.0,10019,0,0,22.2,8.1,12.6,0,1.4,Rural Edge,668200
H0528,2803,5,3.5,9975,28,1,2.9,7.3,60.8,0,4.8,Downtown,786500
H0529,1940,4,3.5,8213,15,1,1.0,6.0,75.2,0,7.5,Downtown,886000
H0530,3191,5,4.0,17231,37,2,25.5,8.4,35.4,0,7.3,Rural Edge,797500
H0531,1257,1,1.0,10522,3,2,20.0,9.5,35.0,0,10,Rural Edge,480300
H0532,2299,3,3.0,4925,10,3,8.5,7.5,10.6,0,5.5,Lake District,783600
H0533,2379,3,3.0,9375,35,2,19.2,7.5,21.0,0,8.1,Rural Edge,546800
H0534,2526,4,4.0,9747,27,1,9.9,7.0,12.4,0,7.3,Lake District,884300
H0535,885,3,2.5,9179,14,2,4.0,7.4,56.6,0,3.8,College Area,473800
H0536,1603,3,4.0,10903,20,2,10.7,8.7,13.8,1,4.0,Lake District,709000
H0537,2643,4,3.5,17698,41,1,17.1,6.1,11.0,0,6.4,Rural Edge,646800
H0538,1152,1,1.0,20808,12,2,18.3,5.7,27.4,0,4.4,Rural Edge,398700
H0539,1073,1,1.0,9532,9,1,13.6,6.4,15.4,1,5.3,Lake District,551900
H0540,2572,5,4.0,4860,31,1,6.2,8.2,26.2,0,5.3,Suburban Core,758200
H0541,926,4,3.0,9859,16,0,4.8,8.4,56.9,0,1.1,Downtown,437800
H0542,2357,3,2.5,14699,30,2,17.8,7.4,15.5,0,5.2,Rural Edge,616300
H0543,3424,4,4.0,8137,3,1,6.7,9.5,23.9,0,6.3,Suburban Core,977600
H0544,2854,4,3.5,11217,17,1,10.7,9.2,17.2,0,8.7,Suburban Core,855600
H0545,2098,3,3.0,5583,3,1,20.0,7.3,36.5,0,6.7,Rural Edge,681300
H0546,1635,1,1.0,12190,34,1,4.3,10.0,43.5,0,6.4,Suburban Core,407300
H0547,2431,3,2.5,8320,2,1,18.9,7.5,21.2,0,4.8,Rural Edge,641900
H0548,2436,3,3.0,10841,35,1,1.0,7.1,43.9,0,6.6,Downtown,747500
H0549,2174,3,3.0,6997,32,3,10.8,8.0,21.8,0,5.5,Suburban Core,689200
H0550,2200,3,2.0,12339,0,1,11.1,8.3,25.9,0,4.7,Lake District,743300
H0551,2838,5,4.0,5439,44,0,8.9,6.6,19.2,0,3.8,Suburban Core,710100
H0552,1959,3,2.5,11515,15,3,5.5,5.5,49.2,0,5.9,Downtown,601500
H0553,1207,2,2.5,15607,11,1,19.7,8.0,29.9,0,7.3,Rural Edge,363200
H0554,1861,3,4.0,8430,19,2,23.2,5.4,21.3,0,4.4,Rural Edge,354800
H0555,3591,6,4.5,10695,51,1,1.4,7.0,60.2,0,5.5,Downtown,919500
H0556,2996,6,4.5,3657,27,2,8.6,10,18.1,0,8.3,Suburban Core,998500
H0557,2033,3,2.0,6763,0,2,10.2,6.7,30.3,0,5.2,Lake District,658700
H0558,650,1,1.0,7956,6,0,0.2,5.3,61.6,0,4.9,Downtown,352100
H0559,943,2,2.0,6660,58,2,10.6,6.6,27.1,0,5.3,Suburban Core,321300
H0560,2360,4,4.5,7686,0,2,0.2,8.3,54.7,0,8.8,College Area,826800
H0561,2310,3,3.0,12081,17,0,22.1,8.2,20.6,1,8.2,Rural Edge,705600
H0562,2325,4,3.5,6455,13,1,6.1,8.5,34.8,0,4.8,College Area,649400
H0563,2359,6,4.5,6954,69,2,13.6,8.7,24.2,1,5.7,Lake District,829500
H0564,2721,4,3.0,12649,18,1,3.4,7.8,45.1,0,9.3,Downtown,759900
H0565,2523,5,4.5,11178,15,0,21.8,6.2,19.7,0,6.7,Rural Edge,645900
H0566,2706,3,2.0,14407,21,0,12.3,7.7,16.4,1,4.9,Lake District,754100
H0567,2153,4,3.0,12994,17,2,5.3,7.4,50.0,0,4.6,College Area,693600
H0568,1749,1,1.0,7868,6,1,3.3,6.8,36.8,0,5.3,College Area,508400
H0569,1455,2,1.0,6188,7,1,26.7,7.0,7.3,0,7.8,Rural Edge,455300
H0570,2713,4,3.0,11222,5,2,11.1,5.7,36.2,0,5.6,Suburban Core,722100
H0571,2313,5,4.5,11624,1,2,5.4,9.4,38.5,1,5.7,Suburban Core,847300
H0572,1407,2,1.5,7154,8,2,10.4,8.3,16.1,0,6.5,Suburban Core,567300
H0573,2453,3,3.0,6827,22,3,29.0,7.7,18.9,1,5.5,Rural Edge,607200
H0574,3802,5,4.5,7455,3,1,11.0,9.5,10.8,0,6.2,Lake District,1098900
H0575,2221,3,3.0,3563,82,2,9.2,8.9,22.7,0,2.4,Suburban Core,611100
H0576,2068,2,1.5,8112,9,0,0.2,7.9,58.9,0,6.4,Downtown,760800
H0577,650,1,1.0,11448,54,1,14.6,6.3,7.0,1,4.4,Lake District,377500
H0578,2334,5,4.5,4712,75,2,8.5,7.5,31.2,0,1.4,Suburban Core,583100
H0579,1700,2,2.0,6207,95,2,15.6,8.9,41.6,0,4.3,Suburban Core,398900
H0580,1959,2,1.0,10387,17,0,8.0,8.6,29.0,1,7.7,Suburban Core,627200
H0581,2646,4,3.0,10489,16,1,3.2,7.4,29.2,0,6.8,Suburban Core,850400
H0582,2014,4,2.0,6420,0,1,1.9,7.0,48.2,0,6.1,College Area,683500
H0583,1704,3,3.0,1885,9,1,10.9,10,12.7,0,6.2,Suburban Core,676600
H0584,1950,3,2.0,12420,34,1,1.3,5.1,39.0,0,6.6,Downtown,706100
H0585,1533,2,1.5,4396,95,0,17.6,7.7,8.5,0,0.8,Lake District,433700
H0586,2344,4,2.5,6441,5,1,0.2,5.5,61.9,0,4.7,Downtown,751200
H0587,2772,4,3.0,8079,21,3,10.4,9.1,21.8,0,8.5,Suburban Core,810300
H0588,1344,2,1.5,10485,27,0,12.9,7.4,1.0,1,5.7,Lake District,525000
H0589,2675,4,3.5,20634,41,1,0.2,8.6,44.4,0,2.4,College Area,744500
H0590,1632,2,1.5,14686,36,1,14.4,7.5,13.4,0,2.7,Lake District,571100
H0591,2726,4,4.0,11416,10,1,23.0,7.5,20.7,1,4.8,Rural Edge,697000
H0592,1798,3,2.0,7307,0,3,13.3,9.4,29.4,0,8.9,Lake District,741700
H0593,3017,5,4.5,9888,5,1,6.7,5.5,45.4,0,4.1,College Area,843400
H0594,2186,5,4.5,6053,8,2,22.9,8.2,3.7,0,9.0,Rural Edge,763600
H0595,1785,2,1.0,10255,4,2,7.4,10,17.4,0,3.6,Suburban Core,636000
H0596,2500,4,3.5,8693,3,1,11.1,6.7,16.1,1,3.1,Lake District,876000
H0597,2963,5,4.5,6582,33,2,20.4,5.8,25.9,0,3.0,Rural Edge,716900
H0598,1868,2,1.0,9217,6,1,1.9,5.6,46.5,0,5.6,College Area,581600
H0599,1263,3,3.0,6153,25,1,13.4,6.2,15.1,1,5.0,Suburban Core,528400
H0600,1458,2,2.0,5699,0,1,5.3,8.4,37.6,0,6.3,Suburban Core,576400
H0601,2269,4,3.0,17499,23,0,6.7,6.8,8.2,0,7.0,Suburban Core,758000
H0602,2332,4,4.0,10294,7,2,9.1,8.4,12.2,1,4.9,Suburban Core,815400
H0603,1321,2,1.5,7414,14,2,21.3,7.7,19.7,0,6.4,Rural Edge,420600
H0604,2107,2,1.5,23378,6,2,15.1,9.3,1,0,9.2,Lake District,799900
H0605,2296,4,3.5,17052,12,2,2.7,4.6,37.6,0,5.3,College Area,756200
H0606,2790,4,3.0,8690,17,1,4.6,7.2,30.6,0,6.0,College Area,733800
H0607,2144,4,4.0,4441,6,0,3.2,5.9,33.3,0,7.6,College Area,735700
H0608,1087,3,2.0,18685,3,3,13.1,7.2,32.2,0,6.7,Suburban Core,578700
H0609,1476,1,1.0,8217,3,1,11.8,8.2,23.8,0,8.5,Suburban Core,525500
H0610,2361,4,4.0,7845,15,1,9.6,6.2,40.4,0,6.2,Suburban Core,720300
H0611,1789,3,3.0,17427,7,2,0.2,6.0,66.5,0,3.8,Downtown,609900
H0612,2385,3,2.5,4526,33,1,2.2,7.2,75.0,0,4.8,Downtown,564300
H0613,1936,3,2.0,8030,95,2,23.1,6.3,22.1,0,2.7,Rural Edge,359700
H0614,2104,3,2.5,10339,6,0,8.9,8.2,20.5,0,4.7,Suburban Core,683900
H0615,1842,2,1.0,6750,19,2,0.2,4.3,61.4,0,3.6,Downtown,461000
H0616,1987,4,4.5,7586,23,1,6.5,8.2,29.2,0,4.7,Suburban Core,691000
H0617,722,1,1.5,7139,24,1,3.9,5.9,59.8,0,8.0,Downtown,396900
H0618,1812,3,2.0,11392,9,1,1.5,5.8,55.3,0,4.5,Downtown,596700
H0619,2034,3,2.0,8821,22,3,25.8,6.3,32.2,0,8.1,Rural Edge,568300
H0620,1835,3,3.5,7344,63,3,9.5,7.9,14.5,0,6.8,Lake District,633900
H0621,2099,4,3.5,8193,41,2,5.1,6.6,26.8,0,4.3,College Area,640900
H0622,1538,3,2.5,10654,4,3,6.6,7.2,20.3,0,9.5,Suburban Core,625000
H0623,2780,5,3.5,9267,2,2,3.6,10,52.5,0,7.9,College Area,854000
H0624,1702,2,1.0,14898,19,0,19.5,8.3,38.1,0,7.2,Rural Edge,505800
H0625,2411,3,2.5,8674,2,2,15.9,8.7,1,1,9.2,Lake District,855000
H0626,2142,3,3.5,7408,3,2,4.9,8.1,54.8,0,2.9,College Area,673800
H0627,2026,3,2.0,6407,43,1,4.5,8.6,29.9,1,6.1,Suburban Core,612600
H0628,2648,4,3.0,13850,4,2,0.2,6.8,55.3,0,7.0,Downtown,809000
H0629,1698,3,3.0,9302,52,2,4.8,7.7,42.7,0,0.5,Downtown,548000
H0630,1467,3,3.5,8635,8,1,0.2,4.9,48.6,0,6.4,Downtown,592100
H0631,1711,2,1.5,3428,67,1,9.3,7.6,36.8,0,1.7,Suburban Core,490800
H0632,1854,4,3.5,7908,26,2,9.3,9.0,31.8,1,3.6,Suburban Core,636500
H0633,1899,2,1.5,9439,2,1,15.3,8.5,27.1,1,6.4,Suburban Core,694500
H0634,2136,3,3.5,8731,6,2,1.9,5.5,58.8,0,6.7,College Area,652800
H0635,1792,3,2.0,8491,20,1,9.1,7.3,37.3,0,9.4,College Area,571700
H0636,3127,4,3.5,8805,10,1,6.9,9.2,16.7,0,8.9,Suburban Core,921800
H0637,2516,5,4.5,12241,38,2,9.8,7.9,6.9,0,5.1,Suburban Core,728300
H0638,1313,3,3.0,15089,3,1,7.8,7.3,25.2,0,2.5,Suburban Core,543700
H0639,2236,3,2.5,9723,31,1,11.8,8.2,17.6,1,6.5,Suburban Core,681400
H0640,1317,1,1.0,7141,67,1,23.1,7.9,22.7,0,4.9,Rural Edge,243700
H0641,2444,3,2.5,7956,10,1,0.3,5.6,47.3,0,5.9,College Area,668400
H0642,1305,2,2.5,13982,9,1,15.3,9.1,12.5,0,4.8,Lake District,638100
H0643,749,2,1.5,8700,21,1,11.9,9.3,25.6,0,4.9,Suburban Core,345500
H0644,2504,4,3.0,9369,90,3,23.8,6.6,23.3,0,1.8,Rural Edge,507700
H0645,1164,2,2.5,11427,47,2,1.7,8.0,55.5,0,5.1,Downtown,438200
H0646,1199,2,1.0,20201,72,1,20.5,7.4,15.7,0,4.0,Lake District,383000
H0647,2578,4,4.0,10322,95,1,9.3,7.2,22.5,0,2.8,Suburban Core,611400
H0648,2590,5,4.5,18117,50,1,4.7,7.3,42.2,0,2.8,College Area,699900
H0649,3316,6,4.0,7989,41,1,1.8,7.5,55.9,0,6.1,Downtown,887300
H0650,1707,2,1.5,6198,6,3,6.7,8.3,24.7,0,7.5,Suburban Core,594400
